dataset,target_size,algorithm,time,r2,rmse,rpd,selected_features,selected_weights
lucas_min,8,v9,2.052,0.948,0.015,4.408,96|1100|1565|2232|2461|3040|3783|4170,2.064201593399048|3.35138201713562|6.348663330078125|9.397294044494629|0.0756281167268753|3.029841661453247|5.275197505950928|0.19198916852474213
